{
    "four_4f079c9d": {
        "area": [
            240,
            90,
            560,
            270
        ],
        "properties": "thought"
    },
    "one_af03092a": {
        "area": [
            1200,
            90,
            480,
            225
        ],
        "properties": "thought"
    },
    "start_25f7eb72": {
        "area": [
            720,
            360,
            320,
            225
        ],
        "properties": "thought"
    },
    "start_30357feb": {
        "area": [
            80,
            90,
            480,
            315
        ],
        "properties": "thought"
    },
    "start_328506ce": {
        "area": [
            80,
            135,
            560,
            270
        ],
        "properties": "thought"
    },
    "start_86f77d88": {
        "area": [
            960,
            810,
            400,
            180
        ],
        "properties": "top_left"
    },
    "start_dd6aaa5a": {
        "area": [
            880,
            270,
            640,
            225
        ]
    },
    "start_e94943b8": {
        "area": [
            480,
            90,
            560,
            270
        ],
        "properties": "thought"
    },
    "start_f9b7694c": {
        "area": [
            1120,
            720,
            720,
            270
        ],
        "properties": "thought"
    },
    "start_fc2e9059": {
        "area": [
            1200,
            360,
            480,
            225
        ]
    },
    "tree_c0e27e32": {
        "area": [
            1360,
            675,
            480,
            315
        ]
    },
    "two_660beae5": {
        "area": [
            80,
            720,
            560,
            270
        ]
    },
    "two_ae51d598": {
        "area": [
            800,
            90,
            320,
            225
        ],
        "properties": "bottom_left"
    },
    "two_d1b3ec8a": {
        "area": [
            240,
            180,
            560,
            315
        ],
        "properties": "bottom_right"
    }
}